[
  {
    "value": "small",
    "synonyms": [
      "Маленькая",
      "Маленький",
      "Небольшая",
      "небольшую",
      "небольшой",
      "маленькую",
      "легковой",
      "легковую",
      "легковая"
    ]
  },
  {
    "value": "medium",
    "synonyms": [
      "Средняя",
      "среднюю",
      "средний"
    ]
  },
  {
    "value": "large",
    "synonyms": [
      "Большую",
      "большой",
      "грузовой",
      "грузовую",
      "грузовая",
      "большая"
    ]
  }
]