[
  {
    "id": "dedddfc3-613e-4fdc-8f40-78af374789e2",
    "data": [
      {
        "text": "Привет",
        "userDefined": false
      }
    ],
    "isTemplate": false,
    "count": 0,
    "updated": 1530770057
  },
  {
    "id": "992c4d66-eedf-4955-b763-7f7ff16a7a9e",
    "data": [
      {
        "text": "Здравствуйте",
        "userDefined": false
      }
    ],
    "isTemplate": false,
    "count": 0,
    "updated": 1530770057
  },
  {
    "id": "04548b9b-0ca8-4001-9203-de0c55ed22d9",
    "data": [
      {
        "text": "Добрый ",
        "userDefined": false
      },
      {
        "text": "день",
        "meta": "@sys.ignore",
        "userDefined": false
      }
    ],
    "isTemplate": false,
    "count": 0,
    "updated": 1530770057
  },
  {
    "id": "53ecc31c-20fc-4985-a7e3-3409dae24235",
    "data": [
      {
        "text": "Алло",
        "userDefined": false
      }
    ],
    "isTemplate": false,
    "count": 0,
    "updated": 1530770057
  }
]