[
  {
    "id": "658a33c7-42c0-45e8-8185-018a2893501b",
    "data": [
      {
        "text": "какие есть",
        "userDefined": false
      }
    ],
    "isTemplate": false,
    "count": 0,
    "updated": 1530856654
  },
  {
    "id": "843aa455-cf29-4045-b359-cbaf7200df3c",
    "data": [
      {
        "text": "Какие есть варианты",
        "userDefined": false
      }
    ],
    "isTemplate": false,
    "count": 0,
    "updated": 1530856654
  },
  {
    "id": "a7758194-b69f-42f1-ad5a-265a89199d49",
    "data": [
      {
        "text": "а какие есть",
        "userDefined": false
      }
    ],
    "isTemplate": false,
    "count": 0,
    "updated": 1530788617
  },
  {
    "id": "4b46b065-b740-41cf-aca8-f7aba14431c7",
    "data": [
      {
        "text": "Размеры у вас какие есть",
        "userDefined": false
      }
    ],
    "isTemplate": false,
    "count": 0,
    "updated": 1530788617
  },
  {
    "id": "163511e6-ebb7-4cf7-96b3-66391bf7ef32",
    "data": [
      {
        "text": "Какого размера доступны",
        "userDefined": false
      }
    ],
    "isTemplate": false,
    "count": 0,
    "updated": 1530788617
  },
  {
    "id": "e64d5565-deef-4cf3-80ed-ab54bf8e5fb4",
    "data": [
      {
        "text": "а каких размеров есть",
        "userDefined": false
      }
    ],
    "isTemplate": false,
    "count": 0,
    "updated": 1530788617
  },
  {
    "id": "57811c7d-0c28-46c2-9ee9-b8e179039b58",
    "data": [
      {
        "text": "А можно подробнее про размеры",
        "userDefined": false
      }
    ],
    "isTemplate": false,
    "count": 0,
    "updated": 1530788617
  },
  {
    "id": "a6f7f3d9-25fb-4ced-a12e-9440845c8dd0",
    "data": [
      {
        "text": "Подскажите про размеры",
        "userDefined": false
      }
    ],
    "isTemplate": false,
    "count": 0,
    "updated": 1530788617
  },
  {
    "id": "852e8c6a-d9e7-40e4-a5d7-4b0494eca5cf",
    "data": [
      {
        "text": "а какие бывают",
        "userDefined": false
      }
    ],
    "isTemplate": false,
    "count": 0,
    "updated": 1530788617
  },
  {
    "id": "cb2e062f-edc1-4d02-a21b-ca266ed84e87",
    "data": [
      {
        "text": "а каких размеров бывают",
        "userDefined": false
      }
    ],
    "isTemplate": false,
    "count": 0,
    "updated": 1530788617
  },
  {
    "id": "905e3387-400f-4265-a930-73b9653c9dcd",
    "data": [
      {
        "text": "Подскажите по размерам автомобиля",
        "userDefined": false
      }
    ],
    "isTemplate": false,
    "count": 0,
    "updated": 1530788617
  },
  {
    "id": "f3e22b25-640e-4818-9298-f5c9fd6b8224",
    "data": [
      {
        "text": "какие бывают размеры",
        "userDefined": false
      }
    ],
    "isTemplate": false,
    "count": 0,
    "updated": 1530788617
  },
  {
    "id": "0738bee5-2465-4d79-a7ea-ea9fbaa52434",
    "data": [
      {
        "text": "хотелось бы узнать какие у вас есть",
        "userDefined": false
      }
    ],
    "isTemplate": false,
    "count": 0,
    "updated": 1530788617
  },
  {
    "id": "d312833d-dc62-4036-82b2-ebe9247635f3",
    "data": [
      {
        "text": "хочется узнать все размеры",
        "userDefined": false
      }
    ],
    "isTemplate": false,
    "count": 0,
    "updated": 1530788617
  },
  {
    "id": "41540c97-7063-445a-bedf-b061461be4d3",
    "data": [
      {
        "text": "а какие у вас есть",
        "userDefined": false
      }
    ],
    "isTemplate": false,
    "count": 1,
    "updated": 1530788617
  },
  {
    "id": "81b369ee-b0f1-495c-9404-65be8afafe8e",
    "data": [
      {
        "text": "Какие есть варианты размеров",
        "userDefined": false
      }
    ],
    "isTemplate": false,
    "count": 0,
    "updated": 1530788617
  }
]