[
  {
    "id": "bf3ee0a8-fc64-442e-b6cc-8d7c3084a959",
    "data": [
      {
        "text": "какие есть варианты?",
        "userDefined": false
      }
    ],
    "isTemplate": false,
    "count": 0,
    "updated": 1531192974
  },
  {
    "id": "ff404574-58bc-478d-947b-88258083c5db",
    "data": [
      {
        "text": "как можно?",
        "userDefined": false
      }
    ],
    "isTemplate": false,
    "count": 0,
    "updated": 1531192974
  },
  {
    "id": "6f43cf8c-1a8f-4f8d-8599-0eb7da7cb478",
    "data": [
      {
        "text": "какие у меня есть варианты?",
        "userDefined": false
      }
    ],
    "isTemplate": false,
    "count": 0,
    "updated": 1530619077
  },
  {
    "id": "7027e034-258f-4d7a-acbe-937996986270",
    "data": [
      {
        "text": "из чего я могу выбрать?",
        "userDefined": false
      }
    ],
    "isTemplate": false,
    "count": 0,
    "updated": 1530619077
  },
  {
    "id": "a0242545-a522-4585-ba0b-454c600b0994",
    "data": [
      {
        "text": "как я могу оплатить?",
        "userDefined": false
      }
    ],
    "isTemplate": false,
    "count": 0,
    "updated": 1530619077
  },
  {
    "id": "33bc5fbb-67e8-4370-80e8-44e2b6dff05a",
    "data": [
      {
        "text": "а как можно?",
        "userDefined": false
      }
    ],
    "isTemplate": false,
    "count": 0,
    "updated": 1530619077
  },
  {
    "id": "38d06a80-1f82-434a-b3dc-784e83bb7153",
    "data": [
      {
        "text": "какие варианты есть?",
        "userDefined": false
      }
    ],
    "isTemplate": false,
    "count": 0,
    "updated": 1530619077
  },
  {
    "id": "f2c6e302-ff12-47e7-9e71-afc71fed2c5a",
    "data": [
      {
        "text": "как я  могу заплатить?",
        "userDefined": false
      }
    ],
    "isTemplate": false,
    "count": 0,
    "updated": 1530619077
  },
  {
    "id": "9b383117-6be7-43b2-8022-1819ce46f649",
    "data": [
      {
        "text": "а как можно оплатить?",
        "userDefined": false
      }
    ],
    "isTemplate": false,
    "count": 0,
    "updated": 1530619077
  },
  {
    "id": "af38ad70-46a7-4c76-9ed9-c3d8583e834d",
    "data": [
      {
        "text": "какие есть формы оплаты?",
        "userDefined": false
      }
    ],
    "isTemplate": false,
    "count": 0,
    "updated": 1530619077
  },
  {
    "id": "65c6f1e2-e3a9-4ec7-a1f1-7f958440bdee",
    "data": [
      {
        "text": "какие есть варианты для оплаты?",
        "userDefined": false
      }
    ],
    "isTemplate": false,
    "count": 0,
    "updated": 1530619077
  },
  {
    "id": "03a0a291-b40e-47fe-9f1a-28002195de2d",
    "data": [
      {
        "text": "можно оплатить ",
        "userDefined": false
      },
      {
        "text": "картой",
        "meta": "@sys.ignore",
        "userDefined": false
      },
      {
        "text": "?",
        "userDefined": false
      }
    ],
    "isTemplate": false,
    "count": 0,
    "updated": 1530619077
  },
  {
    "id": "1521964f-3f94-43af-9788-3d83d8ac7816",
    "data": [
      {
        "text": "как можно оплатить заказ?",
        "userDefined": false
      }
    ],
    "isTemplate": false,
    "count": 0,
    "updated": 1530619077
  },
  {
    "id": "81f9ae5b-5ee3-4d00-a714-27c01966d090",
    "data": [
      {
        "text": "как я могу оплатить доставку?",
        "userDefined": false
      }
    ],
    "isTemplate": false,
    "count": 0,
    "updated": 1530619077
  }
]