[
  {
    "id": "54df2671-72b7-4a31-b0cb-09f383808177",
    "data": [
      {
        "text": "ок",
        "userDefined": false
      }
    ],
    "isTemplate": false,
    "count": 0,
    "updated": 1530873020
  },
  {
    "id": "34ec1d83-3c98-4dd6-8df4-9096dbf4d531",
    "data": [
      {
        "text": "окей",
        "userDefined": false
      }
    ],
    "isTemplate": false,
    "count": 0,
    "updated": 1530873020
  },
  {
    "id": "071e411f-a228-47ee-8dab-5f8d5635e676",
    "data": [
      {
        "text": "хорошо",
        "userDefined": false
      }
    ],
    "isTemplate": false,
    "count": 0,
    "updated": 1530873020
  },
  {
    "id": "00b7bd5e-a046-42cc-a00d-4343edae8775",
    "data": [
      {
        "text": "давай",
        "userDefined": false
      }
    ],
    "isTemplate": false,
    "count": 0,
    "updated": 1530873020
  },
  {
    "id": "bde69f11-4ed9-4c01-a415-ea9059325225",
    "data": [
      {
        "text": "да давай",
        "userDefined": false
      }
    ],
    "isTemplate": false,
    "count": 0,
    "updated": 1530873020
  },
  {
    "id": "1fd588c5-8b4a-45be-bdde-4823a8450c45",
    "data": [
      {
        "text": "меня устраивает",
        "userDefined": false
      }
    ],
    "isTemplate": false,
    "count": 0,
    "updated": 1530873020
  },
  {
    "id": "5d082198-1ed8-46ae-b4ca-bd0e92000a06",
    "data": [
      {
        "text": "я согласен",
        "userDefined": false
      }
    ],
    "isTemplate": false,
    "count": 0,
    "updated": 1530873020
  },
  {
    "id": "ab51116e-0720-4265-8e36-6b8aaa92ad8f",
    "data": [
      {
        "text": "сделай это",
        "userDefined": false
      }
    ],
    "isTemplate": false,
    "count": 0,
    "updated": 1530873020
  },
  {
    "id": "4119b485-44b2-48c2-869a-80c98520f93c",
    "data": [
      {
        "text": "да",
        "userDefined": false
      }
    ],
    "isTemplate": false,
    "count": 0,
    "updated": 1530873020
  },
  {
    "id": "3ec8af08-e9c4-4a18-82e6-312a1b2f370b",
    "data": [
      {
        "text": "не возражаю",
        "userDefined": false
      }
    ],
    "isTemplate": false,
    "count": 0,
    "updated": 1530873020
  },
  {
    "id": "c79841f0-ee1f-4897-9a04-103419d74853",
    "data": [
      {
        "text": "разумеется",
        "userDefined": false
      }
    ],
    "isTemplate": false,
    "count": 0,
    "updated": 1530873020
  },
  {
    "id": "bc24d5fc-2482-4e4c-8d65-1921f2c83a71",
    "data": [
      {
        "text": "точно",
        "userDefined": false
      }
    ],
    "isTemplate": false,
    "count": 0,
    "updated": 1530873020
  },
  {
    "id": "0b754645-6513-4679-b83d-390bc98e1516",
    "data": [
      {
        "text": "подтверждаю",
        "userDefined": false
      }
    ],
    "isTemplate": false,
    "count": 0,
    "updated": 1530873020
  },
  {
    "id": "7a8851af-7738-476e-a6a6-fa937268af95",
    "data": [
      {
        "text": "конечно",
        "userDefined": false
      }
    ],
    "isTemplate": false,
    "count": 0,
    "updated": 1530873020
  },
  {
    "id": "c2850eca-6ce2-4daf-b512-f203bcd86d69",
    "data": [
      {
        "text": "это верно",
        "userDefined": false
      }
    ],
    "isTemplate": false,
    "count": 0,
    "updated": 1530789114
  }
]