[
  {
    "id": "58109bfb-a3cc-49b7-a6db-16ecfacc12a9",
    "data": [
      {
        "text": "Адрес доставки город ",
        "userDefined": false
      },
      {
        "text": "Пермь улица Пушкина 31 квартира 14",
        "alias": "addressto",
        "meta": "@sys.address",
        "userDefined": true
      }
    ],
    "isTemplate": false,
    "count": 0,
    "updated": 1531193069
  },
  {
    "id": "5272ebf9-b6d7-4211-a3cd-4c42123471df",
    "data": [
      {
        "text": "Адрес отправления город ",
        "userDefined": false
      },
      {
        "text": "Екатеринбург дом 23",
        "alias": "addressfrom",
        "meta": "@sys.address",
        "userDefined": true
      }
    ],
    "isTemplate": false,
    "count": 0,
    "updated": 1531193069
  },
  {
    "id": "3868ed0a-8055-4da1-bf08-e8b4bc335597",
    "data": [
      {
        "text": "Адрес отправления ",
        "userDefined": false
      },
      {
        "text": "Ростов, улица Куйбышева дом 3,",
        "alias": "addressfrom",
        "meta": "@sys.address",
        "userDefined": true
      },
      {
        "text": " адрес доставки ",
        "userDefined": false
      },
      {
        "text": "Краснодар улица Южная дом 23",
        "alias": "addressto",
        "meta": "@sys.address",
        "userDefined": true
      }
    ],
    "isTemplate": false,
    "count": 0,
    "updated": 1531106848
  },
  {
    "id": "e1d26d22-a16b-4f11-8a18-134db479a32d",
    "data": [
      {
        "text": "Пермь улица Монастырская 1",
        "alias": "addressfrom",
        "meta": "@sys.address",
        "userDefined": true
      }
    ],
    "isTemplate": false,
    "count": 0,
    "updated": 1530795713
  },
  {
    "id": "298602b4-0827-4dd9-8e0c-371aad94a3cd",
    "data": [
      {
        "text": "что нужно?",
        "userDefined": false
      }
    ],
    "isTemplate": false,
    "count": 0,
    "updated": 1530795713
  },
  {
    "id": "8cd65e46-41df-4e9d-9638-bfa5b5ab6cd9",
    "data": [
      {
        "text": "давайте",
        "userDefined": false
      }
    ],
    "isTemplate": false,
    "count": 0,
    "updated": 1530795713
  },
  {
    "id": "ee98e685-52a8-437e-8297-311ee871cc49",
    "data": [
      {
        "text": "из ",
        "userDefined": false
      },
      {
        "text": "Краснодара улица Ленина дом 4",
        "alias": "addressfrom",
        "meta": "@sys.address",
        "userDefined": true
      },
      {
        "text": " в ",
        "userDefined": false
      },
      {
        "text": "Сочи",
        "alias": "addressto",
        "meta": "@sys.address",
        "userDefined": true
      },
      {
        "text": " ",
        "userDefined": false
      },
      {
        "text": "13 июня",
        "meta": "@sys.ignore",
        "userDefined": false
      }
    ],
    "isTemplate": false,
    "count": 0,
    "updated": 1530795713
  },
  {
    "id": "ea7d1e38-f7d0-4c22-b532-e08ec8069617",
    "data": [
      {
        "text": "Нет я заказал на ",
        "userDefined": false
      },
      {
        "text": "15 июля",
        "alias": "date",
        "meta": "@sys.date-time",
        "userDefined": true
      }
    ],
    "isTemplate": false,
    "count": 0,
    "updated": 1531193069
  },
  {
    "id": "375cbe0c-2f89-4c36-8e21-96e33fcfd4f1",
    "data": [
      {
        "text": "Я бы хотел оформить доставку на ",
        "userDefined": false
      },
      {
        "text": "26 марта",
        "meta": "@sys.ignore",
        "userDefined": false
      },
      {
        "text": " в ",
        "userDefined": false
      },
      {
        "text": "Пермь",
        "alias": "addressto",
        "meta": "@sys.address",
        "userDefined": true
      }
    ],
    "isTemplate": false,
    "count": 0,
    "updated": 1530795713
  },
  {
    "id": "816ff8e9-9014-4092-9625-e4243e1f2f9a",
    "data": [
      {
        "text": "Мне нужно доставить груз из ",
        "userDefined": false
      },
      {
        "text": "Перми",
        "alias": "addressfrom",
        "meta": "@sys.address",
        "userDefined": true
      },
      {
        "text": " в ",
        "userDefined": false
      },
      {
        "text": "Москву",
        "alias": "addressto",
        "meta": "@sys.address",
        "userDefined": true
      },
      {
        "text": " на ",
        "userDefined": false
      },
      {
        "text": "1 июля",
        "meta": "@sys.ignore",
        "userDefined": true
      }
    ],
    "isTemplate": false,
    "count": 0,
    "updated": 1530795713
  },
  {
    "id": "2b6ee293-bf8f-41e4-a9ac-137def1e6c2e",
    "data": [
      {
        "text": "Мне нужно доставить товар ",
        "userDefined": false
      },
      {
        "text": "через 2 дня",
        "meta": "@sys.ignore",
        "userDefined": false
      },
      {
        "text": " на адрес ",
        "userDefined": false
      },
      {
        "text": "Саратов улица Ленина 4",
        "alias": "addressto",
        "meta": "@sys.address",
        "userDefined": true
      }
    ],
    "isTemplate": false,
    "count": 0,
    "updated": 1530795713
  },
  {
    "id": "1e13d09b-1be6-47ea-a5bf-def4722e60cc",
    "data": [
      {
        "text": "Вы можете доставить груз из ",
        "userDefined": false
      },
      {
        "text": "Москвы",
        "alias": "addressfrom",
        "meta": "@sys.address",
        "userDefined": true
      },
      {
        "text": " в ",
        "userDefined": false
      },
      {
        "text": "Пермь",
        "alias": "addressto",
        "meta": "@sys.address",
        "userDefined": true
      },
      {
        "text": "?",
        "userDefined": false
      }
    ],
    "isTemplate": false,
    "count": 0,
    "updated": 1530795713
  },
  {
    "id": "37789918-09f4-4e8b-9b2a-e3e871c5b139",
    "data": [
      {
        "text": "Я хочу оформить доставку на ",
        "userDefined": false
      },
      {
        "text": "14 января",
        "meta": "@sys.ignore",
        "userDefined": false
      },
      {
        "text": " в город ",
        "userDefined": false
      },
      {
        "text": "Калининград",
        "alias": "addressto",
        "meta": "@sys.address",
        "userDefined": true
      }
    ],
    "isTemplate": false,
    "count": 0,
    "updated": 1530795713
  },
  {
    "id": "aee03638-e205-4766-b458-98f3327462df",
    "data": [
      {
        "text": "могу я оформить доставку?",
        "userDefined": false
      }
    ],
    "isTemplate": false,
    "count": 0,
    "updated": 1530795713
  },
  {
    "id": "eabe6216-e5fb-48fe-9aec-6979f80c86e8",
    "data": [
      {
        "text": "я бы хотел оформить доставку",
        "userDefined": false
      }
    ],
    "isTemplate": false,
    "count": 0,
    "updated": 1530795713
  },
  {
    "id": "1fc6468a-b557-4ab9-8b0e-39466fe17bcd",
    "data": [
      {
        "text": "я хочу сделать заказ",
        "userDefined": false
      }
    ],
    "isTemplate": false,
    "count": 0,
    "updated": 1530795713
  },
  {
    "id": "8854bc39-f253-485b-8a6d-3b793384cbbb",
    "data": [
      {
        "text": "могу я заказать доставку товара из ",
        "userDefined": false
      },
      {
        "text": "Омска",
        "alias": "addressfrom",
        "meta": "@sys.address",
        "userDefined": true
      },
      {
        "text": " в ",
        "userDefined": false
      },
      {
        "text": "Саратов",
        "alias": "addressto",
        "meta": "@sys.address",
        "userDefined": true
      },
      {
        "text": " на ",
        "userDefined": false
      },
      {
        "text": "15 июля",
        "meta": "@sys.ignore",
        "userDefined": true
      }
    ],
    "isTemplate": false,
    "count": 0,
    "updated": 1530795713
  },
  {
    "id": "2130e3b1-f33b-4efc-9776-4eef7d31f037",
    "data": [
      {
        "text": "я хочу заказать доставку груза на адрес город ",
        "userDefined": false
      },
      {
        "text": "Пермь улица Пушкина дом 7 квартира 34",
        "alias": "addressto",
        "meta": "@sys.address",
        "userDefined": true
      }
    ],
    "isTemplate": false,
    "count": 0,
    "updated": 1530795713
  }
]