[
  {
    "id": "8797b25a-e741-4486-b44c-3b9d93aafd18",
    "data": [
      {
        "text": "а сколько стоит?",
        "userDefined": false
      }
    ],
    "isTemplate": false,
    "count": 0,
    "updated": 1530792773
  },
  {
    "id": "d1c7c3d9-78ea-4ba6-bd07-a4e72dff72b0",
    "data": [
      {
        "text": "Сколько стоит?",
        "userDefined": false
      }
    ],
    "isTemplate": false,
    "count": 0,
    "updated": 1530792773
  },
  {
    "id": "d69a1305-bc4a-4035-a3c6-2946e93a5c90",
    "data": [
      {
        "text": "Сколько будет стоить?",
        "userDefined": false
      }
    ],
    "isTemplate": false,
    "count": 0,
    "updated": 1530792773
  }
]