[
  {
    "id": "ef05d68b-b5c6-43ed-9da7-f90759b7b4df",
    "data": [
      {
        "text": "пока",
        "meta": "@sys.ignore",
        "userDefined": false
      }
    ],
    "isTemplate": false,
    "count": 0,
    "updated": 1530795067
  },
  {
    "id": "2edaf76b-186e-4aa7-ad06-62a0cc4e2a2d",
    "data": [
      {
        "text": "просто забудь об этом",
        "userDefined": false
      }
    ],
    "isTemplate": false,
    "count": 0,
    "updated": 1530795067
  },
  {
    "id": "19dc6d9a-40c2-48e2-bb2c-645ae544884a",
    "data": [
      {
        "text": "отмени это",
        "userDefined": false
      }
    ],
    "isTemplate": false,
    "count": 0,
    "updated": 1530795067
  },
  {
    "id": "141bc60f-2886-48c9-b7ef-7b273c1df2ff",
    "data": [
      {
        "text": "скрыть",
        "userDefined": false
      }
    ],
    "isTemplate": false,
    "count": 0,
    "updated": 1530795067
  },
  {
    "id": "c338255e-0986-4379-84dd-fa55461a36ca",
    "data": [
      {
        "text": "стоп",
        "userDefined": false
      }
    ],
    "isTemplate": false,
    "count": 0,
    "updated": 1530795067
  },
  {
    "id": "2ec92e72-8058-4b5f-9429-88612a6df4fc",
    "data": [
      {
        "text": "пропустить",
        "userDefined": false
      }
    ],
    "isTemplate": false,
    "count": 0,
    "updated": 1530795067
  },
  {
    "id": "59990f65-a6b1-43e1-8604-bcb799f4ab6c",
    "data": [
      {
        "text": "прекрати",
        "userDefined": false
      }
    ],
    "isTemplate": false,
    "count": 0,
    "updated": 1530795067
  },
  {
    "id": "7cd0fde9-801b-4f8b-9b1c-3545329eb62d",
    "data": [
      {
        "text": "забудь об этом",
        "userDefined": false
      }
    ],
    "isTemplate": false,
    "count": 0,
    "updated": 1530795067
  },
  {
    "id": "d821140e-5114-4e19-8518-8b1ad1abdd29",
    "data": [
      {
        "text": "отмена",
        "userDefined": false
      }
    ],
    "isTemplate": false,
    "count": 0,
    "updated": 1530795067
  },
  {
    "id": "a0f514ed-6768-4145-830c-87336534ffcc",
    "data": [
      {
        "text": "не имеет значения",
        "userDefined": false
      }
    ],
    "isTemplate": false,
    "count": 0,
    "updated": 1530795067
  },
  {
    "id": "9e6c97ff-b641-433d-8fb5-8b62fa9a77c2",
    "data": [
      {
        "text": "ничего не делай",
        "userDefined": false
      }
    ],
    "isTemplate": false,
    "count": 0,
    "updated": 1530795067
  }
]