[
  {
    "id": "d5fb80de-beee-4934-89f6-ec5b39efa146",
    "data": [
      {
        "text": "не делай этого",
        "userDefined": false
      }
    ],
    "isTemplate": false,
    "count": 0,
    "updated": 1497433473
  },
  {
    "id": "f511e3e2-8a9a-4ab8-aaed-eb48606639ea",
    "data": [
      {
        "text": "спасибо нет",
        "userDefined": false
      }
    ],
    "isTemplate": false,
    "count": 0,
    "updated": 1497626651
  },
  {
    "id": "848ad8a4-aa32-4253-87ef-3480faf8f8a8",
    "data": [
      {
        "text": "нет",
        "userDefined": false
      }
    ],
    "isTemplate": false,
    "count": 0,
    "updated": 1497433473
  },
  {
    "id": "cb5243ca-b13e-4bf2-aa49-c12dc4097d9e",
    "data": [
      {
        "text": "я не хочу этого",
        "userDefined": false
      }
    ],
    "isTemplate": false,
    "count": 0,
    "updated": 1497433473
  },
  {
    "id": "b24b7da6-582d-49ab-9b58-84d60f370ffd",
    "data": [
      {
        "text": "не думаю",
        "userDefined": false
      }
    ],
    "isTemplate": false,
    "count": 0,
    "updated": 1497433473
  },
  {
    "id": "abe6e11a-d15c-490b-b13e-24db5e095267",
    "data": [
      {
        "text": "не согласен",
        "userDefined": false
      }
    ],
    "isTemplate": false,
    "count": 0,
    "updated": 1497433473
  },
  {
    "id": "e697a2ec-a8f0-4bff-b621-293eb694fa16",
    "data": [
      {
        "text": "не интересует",
        "userDefined": false
      }
    ],
    "isTemplate": false,
    "count": 0,
    "updated": 1497433473
  },
  {
    "id": "34d41b39-bc41-423f-950e-2579902ce3e9",
    "data": [
      {
        "text": "определенно нет",
        "userDefined": false
      }
    ],
    "isTemplate": false,
    "count": 0,
    "updated": 1497433473
  },
  {
    "id": "033d6375-564e-4a5d-b340-79cad3b40924",
    "data": [
      {
        "text": "да нет",
        "userDefined": false
      }
    ],
    "isTemplate": false,
    "count": 0,
    "updated": 1497433473
  }
]